-- phpMyAdmin SQL Dump
-- version 4.5.4.1deb2ubuntu2
-- http://www.phpmyadmin.net
--
-- Хост: localhost
-- Время создания: Апр 26 2018 г., 11:08
-- Версия сервера: 10.0.29-MariaDB-0ubuntu0.16.04.1
-- Версия PHP: 7.0.22-0ubuntu0.16.04.1

SET SQL_MODE = "NO_AUTO_VALUE_ON_ZERO";
SET time_zone = "+00:00";


/*!40101 SET @OLD_CHARACTER_SET_CLIENT=@@CHARACTER_SET_CLIENT */;
/*!40101 SET @OLD_CHARACTER_SET_RESULTS=@@CHARACTER_SET_RESULTS */;
/*!40101 SET @OLD_COLLATION_CONNECTION=@@COLLATION_CONNECTION */;
/*!40101 SET NAMES utf8mb4 */;

--
-- База данных: `test3`
--

-- --------------------------------------------------------

--
-- Структура таблицы `film`
--

CREATE TABLE `film` (
  `id` int(11) NOT NULL,
  `title` varchar(255) NOT NULL,
  `durability` int(11) NOT NULL
) ENGINE=InnoDB DEFAULT CHARSET=utf8mb4;

--
-- Дамп данных таблицы `film`
--

INSERT INTO `film` (`id`, `title`, `durability`) VALUES
(1, 'Лед', 60),
(2, 'Черная пантера', 90),
(3, 'Перерыв времени', 120),
(4, 'Вне реальности', 100),
(12, 'Тренер', 90);

-- --------------------------------------------------------

--
-- Структура таблицы `seance`
--

CREATE TABLE `seance` (
  `id` int(11) NOT NULL,
  `id_film` int(11) NOT NULL,
  `price` int(11) NOT NULL,
  `beginning` datetime NOT NULL
) ENGINE=InnoDB DEFAULT CHARSET=utf8mb4;

--
-- Дамп данных таблицы `seance`
--

INSERT INTO `seance` (`id`, `id_film`, `price`, `beginning`) VALUES
(1, 1, 200, '2018-04-27 16:00:00'),
(2, 1, 500, '2018-04-28 13:00:00'),
(3, 1, 800, '2018-04-29 11:00:00'),
(4, 1, 300, '2018-04-30 13:00:00'),
(5, 1, 400, '2018-05-01 16:00:00'),
(6, 1, 200, '2018-05-02 14:00:00'),
(7, 1, 200, '2018-05-03 09:00:00'),
(8, 1, 600, '2018-05-04 10:00:00'),
(9, 1, 700, '2018-05-05 13:00:00'),
(10, 1, 800, '2018-05-06 19:00:00'),
(11, 1, 800, '2018-05-07 11:00:00'),
(12, 1, 600, '2018-05-08 14:00:00'),
(13, 1, 300, '2018-05-09 20:00:00'),
(14, 1, 600, '2018-05-10 19:00:00'),
(15, 1, 300, '2018-05-11 13:00:00'),
(16, 1, 600, '2018-05-12 12:00:00'),
(17, 1, 700, '2018-05-13 11:00:00'),
(18, 1, 500, '2018-05-14 20:00:00'),
(19, 1, 400, '2018-05-15 20:00:00'),
(20, 1, 200, '2018-05-16 20:00:00'),
(21, 1, 400, '2018-05-17 12:00:00'),
(22, 1, 200, '2018-05-18 13:00:00'),
(23, 1, 300, '2018-05-19 20:00:00'),
(24, 1, 500, '2018-05-20 09:00:00'),
(25, 1, 200, '2018-05-21 13:00:00'),
(26, 1, 700, '2018-05-22 09:00:00'),
(27, 1, 500, '2018-05-23 14:00:00'),
(28, 1, 400, '2018-05-24 20:00:00'),
(29, 1, 200, '2018-05-25 09:00:00'),
(30, 1, 500, '2018-05-26 12:00:00'),
(31, 2, 400, '2018-04-27 11:00:00'),
(32, 2, 500, '2018-04-28 12:00:00'),
(33, 2, 400, '2018-04-29 23:00:00'),
(34, 2, 200, '2018-04-30 19:00:00'),
(35, 2, 700, '2018-05-01 10:00:00'),
(36, 2, 500, '2018-05-02 09:00:00'),
(37, 2, 400, '2018-05-03 18:00:00'),
(38, 2, 400, '2018-05-04 18:00:00'),
(39, 2, 400, '2018-05-05 21:00:00'),
(40, 2, 600, '2018-05-06 16:00:00'),
(41, 2, 200, '2018-05-07 15:00:00'),
(42, 2, 500, '2018-05-08 18:00:00'),
(43, 2, 700, '2018-05-09 22:00:00'),
(44, 2, 400, '2018-05-10 22:00:00'),
(45, 2, 800, '2018-05-11 22:00:00'),
(46, 2, 200, '2018-05-12 13:00:00'),
(47, 2, 200, '2018-05-13 17:00:00'),
(48, 2, 500, '2018-05-14 15:00:00'),
(49, 2, 500, '2018-05-15 17:00:00'),
(50, 2, 300, '2018-05-16 13:00:00'),
(51, 2, 600, '2018-05-17 18:00:00'),
(52, 2, 400, '2018-05-18 09:00:00'),
(53, 2, 400, '2018-05-19 19:00:00'),
(54, 2, 600, '2018-05-20 19:00:00'),
(55, 2, 500, '2018-05-21 13:00:00'),
(56, 2, 300, '2018-05-22 18:00:00'),
(57, 2, 700, '2018-05-23 20:00:00'),
(58, 2, 300, '2018-05-24 16:00:00'),
(59, 2, 600, '2018-05-25 19:00:00'),
(60, 2, 400, '2018-05-26 18:00:00'),
(61, 3, 600, '2018-04-27 16:00:00'),
(62, 3, 800, '2018-04-28 19:00:00'),
(63, 3, 200, '2018-04-29 16:00:00'),
(64, 3, 300, '2018-04-30 18:00:00'),
(65, 3, 200, '2018-05-01 14:00:00'),
(66, 3, 800, '2018-05-02 20:00:00'),
(67, 3, 200, '2018-05-03 13:00:00'),
(68, 3, 700, '2018-05-04 13:00:00'),
(69, 3, 200, '2018-05-05 15:00:00'),
(70, 3, 200, '2018-05-06 17:00:00'),
(71, 3, 700, '2018-05-07 12:00:00'),
(72, 3, 300, '2018-05-08 15:00:00'),
(73, 3, 200, '2018-05-09 16:00:00'),
(74, 3, 800, '2018-05-10 19:00:00'),
(75, 3, 300, '2018-05-11 13:00:00'),
(76, 3, 400, '2018-05-12 21:00:00'),
(77, 3, 700, '2018-05-13 13:00:00'),
(78, 3, 500, '2018-05-14 21:00:00'),
(79, 3, 700, '2018-05-15 19:00:00'),
(80, 3, 500, '2018-05-16 23:00:00'),
(81, 3, 200, '2018-05-17 15:00:00'),
(82, 3, 600, '2018-05-18 09:00:00'),
(83, 3, 600, '2018-05-19 15:00:00'),
(84, 3, 400, '2018-05-20 20:00:00'),
(85, 3, 700, '2018-05-21 14:00:00'),
(86, 3, 400, '2018-05-22 17:00:00'),
(87, 3, 600, '2018-05-23 16:00:00'),
(88, 3, 200, '2018-05-24 18:00:00'),
(89, 3, 800, '2018-05-25 23:00:00'),
(90, 3, 400, '2018-05-26 11:00:00'),
(91, 4, 300, '2018-04-27 19:00:00'),
(92, 4, 800, '2018-04-28 09:00:00'),
(93, 4, 800, '2018-04-29 16:00:00'),
(94, 4, 800, '2018-04-30 21:00:00'),
(95, 4, 300, '2018-05-01 14:00:00'),
(96, 4, 700, '2018-05-02 11:00:00'),
(97, 4, 700, '2018-05-03 15:00:00'),
(98, 4, 300, '2018-05-04 15:00:00'),
(99, 4, 800, '2018-05-05 17:00:00'),
(100, 4, 300, '2018-05-06 20:00:00'),
(101, 4, 800, '2018-05-07 16:00:00'),
(102, 4, 400, '2018-05-08 16:00:00'),
(103, 4, 800, '2018-05-09 14:00:00'),
(104, 4, 300, '2018-05-10 23:00:00'),
(105, 4, 400, '2018-05-11 16:00:00'),
(106, 4, 200, '2018-05-12 17:00:00'),
(107, 4, 300, '2018-05-13 09:00:00'),
(108, 4, 600, '2018-05-14 11:00:00'),
(109, 4, 500, '2018-05-15 16:00:00'),
(110, 4, 800, '2018-05-16 18:00:00'),
(111, 4, 700, '2018-05-17 20:00:00'),
(112, 4, 700, '2018-05-18 18:00:00'),
(113, 4, 300, '2018-05-19 09:00:00'),
(114, 4, 200, '2018-05-20 11:00:00'),
(115, 4, 600, '2018-05-21 13:00:00'),
(116, 4, 800, '2018-05-22 16:00:00'),
(117, 4, 700, '2018-05-23 12:00:00'),
(118, 4, 200, '2018-05-24 20:00:00'),
(119, 4, 600, '2018-05-25 11:00:00'),
(120, 4, 600, '2018-05-26 22:00:00'),
(121, 12, 600, '2018-04-27 20:00:00'),
(122, 12, 500, '2018-04-28 20:00:00'),
(123, 12, 700, '2018-04-29 09:00:00'),
(124, 12, 800, '2018-04-30 13:00:00'),
(125, 12, 500, '2018-05-01 22:00:00'),
(126, 12, 800, '2018-05-02 15:00:00'),
(127, 12, 600, '2018-05-03 21:00:00'),
(128, 12, 200, '2018-05-04 23:00:00'),
(129, 12, 800, '2018-05-05 10:00:00'),
(130, 12, 200, '2018-05-06 15:00:00'),
(131, 12, 400, '2018-05-07 09:00:00'),
(132, 12, 800, '2018-05-08 10:00:00'),
(133, 12, 300, '2018-05-09 23:00:00'),
(134, 12, 700, '2018-05-10 21:00:00'),
(135, 12, 300, '2018-05-11 16:00:00'),
(136, 12, 700, '2018-05-12 20:00:00'),
(137, 12, 400, '2018-05-13 11:00:00'),
(138, 12, 600, '2018-05-14 10:00:00'),
(139, 12, 300, '2018-05-15 16:00:00'),
(140, 12, 400, '2018-05-16 20:00:00'),
(141, 12, 500, '2018-05-17 15:00:00'),
(142, 12, 300, '2018-05-18 11:00:00'),
(143, 12, 300, '2018-05-19 11:00:00'),
(144, 12, 200, '2018-05-20 10:00:00'),
(145, 12, 300, '2018-05-21 12:00:00'),
(146, 12, 500, '2018-05-22 17:00:00'),
(147, 12, 300, '2018-05-23 17:00:00'),
(148, 12, 600, '2018-05-24 16:00:00'),
(149, 12, 500, '2018-05-25 16:00:00'),
(150, 12, 400, '2018-05-26 19:00:00');

-- --------------------------------------------------------

--
-- Структура таблицы `ticket`
--

CREATE TABLE `ticket` (
  `id` int(11) NOT NULL,
  `id_seance` int(11) NOT NULL
) ENGINE=InnoDB DEFAULT CHARSET=utf8mb4;

--
-- Дамп данных таблицы `ticket`
--

INSERT INTO `ticket` (`id`, `id_seance`) VALUES
(1, 1),
(2, 2),
(3, 2),
(4, 3),
(5, 3),
(6, 3),
(7, 3),
(8, 3),
(9, 3),
(10, 3),
(11, 3),
(12, 3),
(13, 3),
(14, 3),
(15, 3),
(16, 3),
(17, 3),
(18, 4),
(19, 4),
(20, 4),
(21, 4),
(22, 4),
(23, 4),
(24, 4),
(25, 4),
(26, 4),
(27, 4),
(28, 5),
(29, 5),
(30, 5),
(31, 5),
(32, 5),
(33, 5),
(34, 5),
(35, 5),
(36, 6),
(37, 7),
(38, 7),
(39, 7),
(40, 7),
(41, 7),
(42, 7),
(43, 7),
(44, 7),
(45, 7),
(46, 7),
(47, 7),
(48, 7),
(49, 7),
(50, 8),
(51, 8),
(52, 8),
(53, 8),
(54, 8),
(55, 8),
(56, 8),
(57, 8),
(58, 8),
(59, 8),
(60, 8),
(61, 8),
(62, 8),
(63, 8),
(64, 9),
(65, 9),
(66, 9),
(67, 9),
(68, 9),
(69, 9),
(70, 9),
(71, 9),
(72, 9),
(73, 9),
(74, 9),
(75, 9),
(76, 9),
(77, 9),
(78, 9),
(79, 9),
(80, 9),
(81, 10),
(82, 10),
(83, 10),
(84, 10),
(85, 10),
(86, 10),
(87, 10),
(88, 10),
(89, 10),
(90, 10),
(91, 10),
(92, 10),
(93, 10),
(94, 10),
(95, 10),
(96, 10),
(97, 10),
(98, 10),
(99, 10),
(100, 10),
(101, 10),
(102, 10),
(103, 10),
(104, 10),
(105, 10),
(106, 10),
(107, 11),
(108, 11),
(109, 11),
(110, 11),
(111, 11),
(112, 11),
(113, 11),
(114, 13),
(115, 13),
(116, 13),
(117, 13),
(118, 13),
(119, 13),
(120, 13),
(121, 13),
(122, 14),
(123, 14),
(124, 14),
(125, 14),
(126, 14),
(127, 14),
(128, 14),
(129, 14),
(130, 14),
(131, 14),
(132, 14),
(133, 14),
(134, 15),
(135, 15),
(136, 15),
(137, 15),
(138, 16),
(139, 16),
(140, 16),
(141, 16),
(142, 16),
(143, 16),
(144, 16),
(145, 16),
(146, 16),
(147, 16),
(148, 16),
(149, 16),
(150, 16),
(151, 16),
(152, 16),
(153, 17),
(154, 17),
(155, 17),
(156, 17),
(157, 17),
(158, 17),
(159, 17),
(160, 17),
(161, 17),
(162, 17),
(163, 17),
(164, 17),
(165, 17),
(166, 17),
(167, 17),
(168, 17),
(169, 17),
(170, 17),
(171, 18),
(172, 18),
(173, 18),
(174, 18),
(175, 18),
(176, 18),
(177, 18),
(178, 18),
(179, 19),
(180, 19),
(181, 19),
(182, 19),
(183, 19),
(184, 19),
(185, 19),
(186, 19),
(187, 19),
(188, 19),
(189, 19),
(190, 19),
(191, 19),
(192, 19),
(193, 19),
(194, 19),
(195, 19),
(196, 19),
(197, 20),
(198, 20),
(199, 20),
(200, 20),
(201, 20),
(202, 20),
(203, 20),
(204, 20),
(205, 20),
(206, 20),
(207, 20),
(208, 20),
(209, 20),
(210, 20),
(211, 20),
(212, 20),
(213, 20),
(214, 20),
(215, 20),
(216, 20),
(217, 20),
(218, 20),
(219, 20),
(220, 20),
(221, 20),
(222, 21),
(223, 21),
(224, 21),
(225, 21),
(226, 21),
(227, 21),
(228, 21),
(229, 21),
(230, 21),
(231, 21),
(232, 21),
(233, 21),
(234, 21),
(235, 21),
(236, 21),
(237, 22),
(238, 22),
(239, 22),
(240, 22),
(241, 22),
(242, 23),
(243, 23),
(244, 23),
(245, 23),
(246, 23),
(247, 23),
(248, 23),
(249, 23),
(250, 23),
(251, 23),
(252, 23),
(253, 23),
(254, 23),
(255, 24),
(256, 24),
(257, 24),
(258, 24),
(259, 24),
(260, 24),
(261, 24),
(262, 24),
(263, 24),
(264, 24),
(265, 24),
(266, 24),
(267, 24),
(268, 24),
(269, 24),
(270, 24),
(271, 24),
(272, 24),
(273, 24),
(274, 24),
(275, 24),
(276, 24),
(277, 24),
(278, 25),
(279, 25),
(280, 25),
(281, 25),
(282, 25),
(283, 25),
(284, 25),
(285, 25),
(286, 25),
(287, 25),
(288, 25),
(289, 25),
(290, 25),
(291, 25),
(292, 25),
(293, 25),
(294, 25),
(295, 25),
(296, 25),
(297, 25),
(298, 25),
(299, 26),
(300, 26),
(301, 26),
(302, 27),
(303, 27),
(304, 27),
(305, 27),
(306, 27),
(307, 27),
(308, 27),
(309, 27),
(310, 27),
(311, 28),
(312, 28),
(313, 28),
(314, 28),
(315, 28),
(316, 28),
(317, 29),
(318, 29),
(319, 29),
(320, 29),
(321, 29),
(322, 29),
(323, 29),
(324, 29),
(325, 29),
(326, 29),
(327, 29),
(328, 29),
(329, 29),
(330, 29),
(331, 29),
(332, 29),
(333, 29),
(334, 29),
(335, 29),
(336, 29),
(337, 30),
(338, 30),
(339, 30),
(340, 30),
(341, 30),
(342, 30),
(343, 30),
(344, 30),
(345, 30),
(346, 30),
(347, 30),
(348, 30),
(349, 30),
(350, 30),
(351, 30),
(352, 30),
(353, 30),
(354, 30),
(355, 30),
(356, 30),
(357, 31),
(358, 31),
(359, 31),
(360, 31),
(361, 31),
(362, 31),
(363, 31),
(364, 31),
(365, 31),
(366, 31),
(367, 31),
(368, 31),
(369, 31),
(370, 31),
(371, 31),
(372, 31),
(373, 31),
(374, 31),
(375, 31),
(376, 31),
(377, 31),
(378, 31),
(379, 31),
(380, 31),
(381, 31),
(382, 31),
(383, 31),
(384, 32),
(385, 32),
(386, 32),
(387, 32),
(388, 32),
(389, 32),
(390, 32),
(391, 32),
(392, 32),
(393, 32),
(394, 32),
(395, 32),
(396, 32),
(397, 32),
(398, 32),
(399, 32),
(400, 32),
(401, 32),
(402, 32),
(403, 32),
(404, 32),
(405, 33),
(406, 33),
(407, 33),
(408, 33),
(409, 33),
(410, 33),
(411, 33),
(412, 33),
(413, 33),
(414, 33),
(415, 33),
(416, 33),
(417, 33),
(418, 33),
(419, 33),
(420, 33),
(421, 33),
(422, 33),
(423, 33),
(424, 33),
(425, 33),
(426, 33),
(427, 33),
(428, 34),
(429, 34),
(430, 34),
(431, 34),
(432, 34),
(433, 34),
(434, 34),
(435, 34),
(436, 34),
(437, 34),
(438, 34),
(439, 37),
(440, 37),
(441, 37),
(442, 37),
(443, 37),
(444, 37),
(445, 37),
(446, 37),
(447, 37),
(448, 37),
(449, 37),
(450, 37),
(451, 38),
(452, 38),
(453, 38),
(454, 38),
(455, 38),
(456, 38),
(457, 38),
(458, 38),
(459, 38),
(460, 38),
(461, 38),
(462, 38),
(463, 38),
(464, 38),
(465, 39),
(466, 39),
(467, 39),
(468, 39),
(469, 39),
(470, 39),
(471, 39),
(472, 39),
(473, 39),
(474, 39),
(475, 39),
(476, 39),
(477, 39),
(478, 39),
(479, 39),
(480, 40),
(481, 40),
(482, 40),
(483, 40),
(484, 40),
(485, 40),
(486, 40),
(487, 40),
(488, 40),
(489, 40),
(490, 40),
(491, 40),
(492, 40),
(493, 40),
(494, 40),
(495, 40),
(496, 40),
(497, 40),
(498, 40),
(499, 40),
(500, 40),
(501, 40),
(502, 40),
(503, 40),
(504, 40),
(505, 40),
(506, 40),
(507, 40),
(508, 40),
(509, 40),
(510, 41),
(511, 41),
(512, 41),
(513, 41),
(514, 41),
(515, 41),
(516, 41),
(517, 41),
(518, 41),
(519, 42),
(520, 42),
(521, 42),
(522, 42),
(523, 42),
(524, 42),
(525, 42),
(526, 42),
(527, 42),
(528, 42),
(529, 42),
(530, 42),
(531, 42),
(532, 42),
(533, 42),
(534, 42),
(535, 42),
(536, 42),
(537, 42),
(538, 42),
(539, 42),
(540, 42),
(541, 43),
(542, 43),
(543, 43),
(544, 43),
(545, 43),
(546, 43),
(547, 43),
(548, 43),
(549, 43),
(550, 43),
(551, 43),
(552, 43),
(553, 43),
(554, 43),
(555, 43),
(556, 43),
(557, 43),
(558, 43),
(559, 43),
(560, 43),
(561, 43),
(562, 43),
(563, 43),
(564, 43),
(565, 43),
(566, 43),
(567, 43),
(568, 43),
(569, 43),
(570, 43),
(571, 44),
(572, 44),
(573, 44),
(574, 44),
(575, 44),
(576, 44),
(577, 44),
(578, 44),
(579, 44),
(580, 44),
(581, 44),
(582, 44),
(583, 44),
(584, 44),
(585, 44),
(586, 44),
(587, 44),
(588, 45),
(589, 45),
(590, 45),
(591, 45),
(592, 46),
(593, 46),
(594, 46),
(595, 46),
(596, 47),
(597, 47),
(598, 48),
(599, 48),
(600, 48),
(601, 48),
(602, 48),
(603, 48),
(604, 48),
(605, 48),
(606, 48),
(607, 48),
(608, 48),
(609, 48),
(610, 48),
(611, 48),
(612, 48),
(613, 48),
(614, 48),
(615, 48),
(616, 48),
(617, 48),
(618, 48),
(619, 48),
(620, 48),
(621, 49),
(622, 49),
(623, 49),
(624, 49),
(625, 49),
(626, 49),
(627, 49),
(628, 49),
(629, 49),
(630, 49),
(631, 49),
(632, 49),
(633, 50),
(634, 50),
(635, 50),
(636, 50),
(637, 50),
(638, 50),
(639, 50),
(640, 50),
(641, 50),
(642, 50),
(643, 50),
(644, 50),
(645, 50),
(646, 50),
(647, 50),
(648, 50),
(649, 50),
(650, 50),
(651, 50),
(652, 50),
(653, 51),
(654, 51),
(655, 51),
(656, 51),
(657, 51),
(658, 51),
(659, 51),
(660, 51),
(661, 51),
(662, 51),
(663, 51),
(664, 51),
(665, 51),
(666, 51),
(667, 51),
(668, 51),
(669, 51),
(670, 52),
(671, 52),
(672, 52),
(673, 52),
(674, 52),
(675, 52),
(676, 52),
(677, 52),
(678, 52),
(679, 52),
(680, 52),
(681, 52),
(682, 52),
(683, 52),
(684, 52),
(685, 52),
(686, 52),
(687, 52),
(688, 52),
(689, 52),
(690, 52),
(691, 52),
(692, 52),
(693, 52),
(694, 52),
(695, 52),
(696, 52),
(697, 52),
(698, 53),
(699, 53),
(700, 53),
(701, 53),
(702, 53),
(703, 53),
(704, 53),
(705, 53),
(706, 53),
(707, 53),
(708, 53),
(709, 53),
(710, 53),
(711, 53),
(712, 53),
(713, 53),
(714, 53),
(715, 53),
(716, 53),
(717, 53),
(718, 53),
(719, 53),
(720, 53),
(721, 53),
(722, 53),
(723, 53),
(724, 55),
(725, 55),
(726, 55),
(727, 55),
(728, 55),
(729, 55),
(730, 55),
(731, 55),
(732, 55),
(733, 55),
(734, 55),
(735, 55),
(736, 55),
(737, 55),
(738, 55),
(739, 55),
(740, 55),
(741, 55),
(742, 55),
(743, 55),
(744, 56),
(745, 56),
(746, 56),
(747, 56),
(748, 56),
(749, 56),
(750, 56),
(751, 56),
(752, 56),
(753, 56),
(754, 56),
(755, 56),
(756, 56),
(757, 56),
(758, 56),
(759, 56),
(760, 57),
(761, 57),
(762, 57),
(763, 57),
(764, 58),
(765, 58),
(766, 58),
(767, 58),
(768, 58),
(769, 58),
(770, 58),
(771, 58),
(772, 58),
(773, 58),
(774, 58),
(775, 58),
(776, 58),
(777, 58),
(778, 58),
(779, 58),
(780, 58),
(781, 58),
(782, 58),
(783, 58),
(784, 58),
(785, 58),
(786, 58),
(787, 58),
(788, 58),
(789, 58),
(790, 58),
(791, 58),
(792, 58),
(793, 59),
(794, 59),
(795, 59),
(796, 59),
(797, 59),
(798, 59),
(799, 59),
(800, 59),
(801, 59),
(802, 59),
(803, 59),
(804, 59),
(805, 59),
(806, 59),
(807, 59),
(808, 59),
(809, 59),
(810, 59),
(811, 59),
(812, 59),
(813, 59),
(814, 59),
(815, 59),
(816, 60),
(817, 60),
(818, 60),
(819, 60),
(820, 60),
(821, 60),
(822, 60),
(823, 60),
(824, 60),
(825, 60),
(826, 60),
(827, 60),
(828, 60),
(829, 60),
(830, 60),
(831, 60),
(832, 60),
(833, 60),
(834, 60),
(835, 60),
(836, 60),
(837, 60),
(838, 60),
(839, 60),
(840, 61),
(841, 61),
(842, 61),
(843, 61),
(844, 61),
(845, 61),
(846, 61),
(847, 61),
(848, 61),
(849, 61),
(850, 61),
(851, 61),
(852, 61),
(853, 61),
(854, 61),
(855, 61),
(856, 61),
(857, 61),
(858, 61),
(859, 62),
(860, 62),
(861, 62),
(862, 62),
(863, 62),
(864, 62),
(865, 62),
(866, 62),
(867, 62),
(868, 62),
(869, 62),
(870, 62),
(871, 62),
(872, 62),
(873, 62),
(874, 62),
(875, 62),
(876, 62),
(877, 62),
(878, 62),
(879, 63),
(880, 63),
(881, 63),
(882, 63),
(883, 63),
(884, 63),
(885, 63),
(886, 63),
(887, 63),
(888, 63),
(889, 63),
(890, 63),
(891, 63),
(892, 63),
(893, 64),
(894, 64),
(895, 64),
(896, 64),
(897, 64),
(898, 64),
(899, 64),
(900, 64),
(901, 64),
(902, 64),
(903, 64),
(904, 66),
(905, 66),
(906, 66),
(907, 66),
(908, 66),
(909, 66),
(910, 66),
(911, 66),
(912, 66),
(913, 66),
(914, 66),
(915, 66),
(916, 66),
(917, 66),
(918, 66),
(919, 67),
(920, 67),
(921, 67),
(922, 67),
(923, 67),
(924, 67),
(925, 67),
(926, 67),
(927, 67),
(928, 67),
(929, 67),
(930, 67),
(931, 68),
(932, 68),
(933, 68),
(934, 68),
(935, 68),
(936, 68),
(937, 68),
(938, 68),
(939, 68),
(940, 68),
(941, 68),
(942, 68),
(943, 68),
(944, 69),
(945, 69),
(946, 69),
(947, 69),
(948, 69),
(949, 69),
(950, 69),
(951, 69),
(952, 69),
(953, 69),
(954, 69),
(955, 69),
(956, 69),
(957, 69),
(958, 69),
(959, 69),
(960, 69),
(961, 69),
(962, 69),
(963, 69),
(964, 69),
(965, 69),
(966, 69),
(967, 69),
(968, 69),
(969, 69),
(970, 69),
(971, 69),
(972, 69),
(973, 70),
(974, 70),
(975, 70),
(976, 70),
(977, 70),
(978, 70),
(979, 70),
(980, 70),
(981, 70),
(982, 70),
(983, 70),
(984, 70),
(985, 70),
(986, 70),
(987, 70),
(988, 70),
(989, 70),
(990, 70),
(991, 70),
(992, 70),
(993, 70),
(994, 70),
(995, 70),
(996, 70),
(997, 70),
(998, 70),
(999, 70),
(1000, 71),
(1001, 71),
(1002, 71),
(1003, 71),
(1004, 71),
(1005, 71),
(1006, 71),
(1007, 71),
(1008, 71),
(1009, 71),
(1010, 71),
(1011, 71),
(1012, 72),
(1013, 72),
(1014, 72),
(1015, 72),
(1016, 72),
(1017, 72),
(1018, 72),
(1019, 72),
(1020, 73),
(1021, 73),
(1022, 73),
(1023, 73),
(1024, 73),
(1025, 73),
(1026, 73),
(1027, 73),
(1028, 73),
(1029, 73),
(1030, 73),
(1031, 73),
(1032, 73),
(1033, 73),
(1034, 73),
(1035, 73),
(1036, 73),
(1037, 73),
(1038, 73),
(1039, 74),
(1040, 74),
(1041, 74),
(1042, 74),
(1043, 74),
(1044, 74),
(1045, 74),
(1046, 74),
(1047, 74),
(1048, 74),
(1049, 74),
(1050, 75),
(1051, 75),
(1052, 75),
(1053, 75),
(1054, 75),
(1055, 75),
(1056, 75),
(1057, 75),
(1058, 75),
(1059, 75),
(1060, 75),
(1061, 75),
(1062, 75),
(1063, 75),
(1064, 75),
(1065, 75),
(1066, 75),
(1067, 75),
(1068, 75),
(1069, 75),
(1070, 75),
(1071, 75),
(1072, 75),
(1073, 75),
(1074, 75),
(1075, 75),
(1076, 76),
(1077, 76),
(1078, 76),
(1079, 76),
(1080, 76),
(1081, 76),
(1082, 76),
(1083, 76),
(1084, 76),
(1085, 76),
(1086, 76),
(1087, 76),
(1088, 76),
(1089, 76),
(1090, 76),
(1091, 76),
(1092, 76),
(1093, 76),
(1094, 76),
(1095, 76),
(1096, 76),
(1097, 76),
(1098, 76),
(1099, 76),
(1100, 77),
(1101, 77),
(1102, 77),
(1103, 77),
(1104, 77),
(1105, 77),
(1106, 77),
(1107, 77),
(1108, 77),
(1109, 77),
(1110, 77),
(1111, 77),
(1112, 77),
(1113, 77),
(1114, 77),
(1115, 77),
(1116, 78),
(1117, 78),
(1118, 78),
(1119, 78),
(1120, 78),
(1121, 78),
(1122, 78),
(1123, 78),
(1124, 78),
(1125, 78),
(1126, 78),
(1127, 78),
(1128, 78),
(1129, 78),
(1130, 78),
(1131, 78),
(1132, 78),
(1133, 78),
(1134, 78),
(1135, 78),
(1136, 78),
(1137, 78),
(1138, 78),
(1139, 78),
(1140, 78),
(1141, 78),
(1142, 78),
(1143, 78),
(1144, 79),
(1145, 79),
(1146, 79),
(1147, 79),
(1148, 79),
(1149, 79),
(1150, 79),
(1151, 79),
(1152, 79),
(1153, 79),
(1154, 79),
(1155, 79),
(1156, 79),
(1157, 79),
(1158, 79),
(1159, 79),
(1160, 80),
(1161, 80),
(1162, 80),
(1163, 80),
(1164, 80),
(1165, 80),
(1166, 80),
(1167, 80),
(1168, 80),
(1169, 80),
(1170, 80),
(1171, 80),
(1172, 80),
(1173, 80),
(1174, 80),
(1175, 80),
(1176, 80),
(1177, 80),
(1178, 80),
(1179, 80),
(1180, 80),
(1181, 80),
(1182, 80),
(1183, 80),
(1184, 80),
(1185, 80),
(1186, 80),
(1187, 80),
(1188, 81),
(1189, 81),
(1190, 81),
(1191, 81),
(1192, 81),
(1193, 81),
(1194, 81),
(1195, 81),
(1196, 81),
(1197, 81),
(1198, 81),
(1199, 81),
(1200, 81),
(1201, 81),
(1202, 81),
(1203, 81),
(1204, 81),
(1205, 81),
(1206, 82),
(1207, 82),
(1208, 82),
(1209, 83),
(1210, 83),
(1211, 83),
(1212, 83),
(1213, 83),
(1214, 83),
(1215, 83),
(1216, 83),
(1217, 83),
(1218, 83),
(1219, 83),
(1220, 83),
(1221, 83),
(1222, 83),
(1223, 83),
(1224, 83),
(1225, 83),
(1226, 83),
(1227, 83),
(1228, 83),
(1229, 83),
(1230, 83),
(1231, 83),
(1232, 83),
(1233, 83),
(1234, 84),
(1235, 84),
(1236, 84),
(1237, 84),
(1238, 84),
(1239, 84),
(1240, 84),
(1241, 84),
(1242, 84),
(1243, 84),
(1244, 84),
(1245, 84),
(1246, 84),
(1247, 85),
(1248, 85),
(1249, 85),
(1250, 86),
(1251, 86),
(1252, 86),
(1253, 86),
(1254, 86),
(1255, 86),
(1256, 86),
(1257, 86),
(1258, 86),
(1259, 86),
(1260, 86),
(1261, 86),
(1262, 86),
(1263, 86),
(1264, 86),
(1265, 87),
(1266, 87),
(1267, 87),
(1268, 87),
(1269, 87),
(1270, 87),
(1271, 87),
(1272, 87),
(1273, 87),
(1274, 87),
(1275, 87),
(1276, 87),
(1277, 87),
(1278, 87),
(1279, 87),
(1280, 87),
(1281, 87),
(1282, 87),
(1283, 87),
(1284, 87),
(1285, 87),
(1286, 87),
(1287, 87),
(1288, 87),
(1289, 87),
(1290, 87),
(1291, 87),
(1292, 87),
(1293, 87),
(1294, 87),
(1295, 88),
(1296, 88),
(1297, 88),
(1298, 88),
(1299, 88),
(1300, 88),
(1301, 88),
(1302, 89),
(1303, 89),
(1304, 89),
(1305, 89),
(1306, 89),
(1307, 89),
(1308, 89),
(1309, 89),
(1310, 89),
(1311, 89),
(1312, 89),
(1313, 89),
(1314, 89),
(1315, 89),
(1316, 90),
(1317, 90),
(1318, 90),
(1319, 90),
(1320, 90),
(1321, 90),
(1322, 90),
(1323, 90),
(1324, 90),
(1325, 90),
(1326, 90),
(1327, 90),
(1328, 90),
(1329, 90),
(1330, 90),
(1331, 90),
(1332, 90),
(1333, 90),
(1334, 90),
(1335, 90),
(1336, 90),
(1337, 90),
(1338, 92),
(1339, 92),
(1340, 93),
(1341, 93),
(1342, 93),
(1343, 93),
(1344, 93),
(1345, 93),
(1346, 93),
(1347, 93),
(1348, 93),
(1349, 93),
(1350, 93),
(1351, 93),
(1352, 94),
(1353, 94),
(1354, 94),
(1355, 94),
(1356, 94),
(1357, 94),
(1358, 94),
(1359, 94),
(1360, 94),
(1361, 94),
(1362, 94),
(1363, 94),
(1364, 94),
(1365, 94),
(1366, 94),
(1367, 95),
(1368, 95),
(1369, 95),
(1370, 95),
(1371, 95),
(1372, 95),
(1373, 95),
(1374, 95),
(1375, 95),
(1376, 95),
(1377, 95),
(1378, 95),
(1379, 95),
(1380, 95),
(1381, 96),
(1382, 96),
(1383, 96),
(1384, 96),
(1385, 96),
(1386, 96),
(1387, 96),
(1388, 96),
(1389, 96),
(1390, 96),
(1391, 96),
(1392, 96),
(1393, 96),
(1394, 98),
(1395, 98),
(1396, 98),
(1397, 98),
(1398, 98),
(1399, 98),
(1400, 98),
(1401, 98),
(1402, 98),
(1403, 98),
(1404, 98),
(1405, 98),
(1406, 98),
(1407, 98),
(1408, 98),
(1409, 98),
(1410, 98),
(1411, 98),
(1412, 98),
(1413, 98),
(1414, 98),
(1415, 98),
(1416, 98),
(1417, 98),
(1418, 98),
(1419, 98),
(1420, 98),
(1421, 99),
(1422, 99),
(1423, 99),
(1424, 99),
(1425, 99),
(1426, 99),
(1427, 99),
(1428, 99),
(1429, 99),
(1430, 99),
(1431, 99),
(1432, 99),
(1433, 99),
(1434, 99),
(1435, 99),
(1436, 99),
(1437, 99),
(1438, 99),
(1439, 99),
(1440, 99),
(1441, 99),
(1442, 99),
(1443, 99),
(1444, 99),
(1445, 99),
(1446, 99),
(1447, 100),
(1448, 100),
(1449, 100),
(1450, 100),
(1451, 100),
(1452, 100),
(1453, 100),
(1454, 100),
(1455, 100),
(1456, 100),
(1457, 100),
(1458, 100),
(1459, 100),
(1460, 100),
(1461, 100),
(1462, 100),
(1463, 100),
(1464, 100),
(1465, 100),
(1466, 100),
(1467, 100),
(1468, 100),
(1469, 100),
(1470, 100),
(1471, 100),
(1472, 100),
(1473, 100),
(1474, 100),
(1475, 100),
(1476, 100),
(1477, 101),
(1478, 101),
(1479, 101),
(1480, 101),
(1481, 101),
(1482, 101),
(1483, 101),
(1484, 101),
(1485, 101),
(1486, 101),
(1487, 101),
(1488, 101),
(1489, 101),
(1490, 101),
(1491, 101),
(1492, 101),
(1493, 101),
(1494, 101),
(1495, 101),
(1496, 101),
(1497, 101),
(1498, 101),
(1499, 101),
(1500, 102),
(1501, 102),
(1502, 102),
(1503, 102),
(1504, 102),
(1505, 102),
(1506, 102),
(1507, 102),
(1508, 103),
(1509, 103),
(1510, 103),
(1511, 103),
(1512, 103),
(1513, 103),
(1514, 103),
(1515, 104),
(1516, 104),
(1517, 104),
(1518, 104),
(1519, 104),
(1520, 104),
(1521, 104),
(1522, 104),
(1523, 104),
(1524, 104),
(1525, 104),
(1526, 104),
(1527, 105),
(1528, 105),
(1529, 105),
(1530, 105),
(1531, 105),
(1532, 105),
(1533, 105),
(1534, 105),
(1535, 105),
(1536, 105),
(1537, 105),
(1538, 105),
(1539, 105),
(1540, 105),
(1541, 105),
(1542, 105),
(1543, 105),
(1544, 105),
(1545, 105),
(1546, 105),
(1547, 106),
(1548, 106),
(1549, 106),
(1550, 107),
(1551, 107),
(1552, 107),
(1553, 107),
(1554, 107),
(1555, 107),
(1556, 108),
(1557, 108),
(1558, 108),
(1559, 108),
(1560, 108),
(1561, 110),
(1562, 110),
(1563, 110),
(1564, 110),
(1565, 110),
(1566, 110),
(1567, 110),
(1568, 110),
(1569, 110),
(1570, 110),
(1571, 110),
(1572, 110),
(1573, 110),
(1574, 110),
(1575, 110),
(1576, 110),
(1577, 110),
(1578, 110),
(1579, 110),
(1580, 110),
(1581, 110),
(1582, 110),
(1583, 111),
(1584, 111),
(1585, 112),
(1586, 112),
(1587, 112),
(1588, 112),
(1589, 112),
(1590, 112),
(1591, 112),
(1592, 112),
(1593, 112),
(1594, 112),
(1595, 112),
(1596, 112),
(1597, 112),
(1598, 112),
(1599, 112),
(1600, 112),
(1601, 112),
(1602, 112),
(1603, 113),
(1604, 113),
(1605, 113),
(1606, 113),
(1607, 113),
(1608, 113),
(1609, 113),
(1610, 113),
(1611, 113),
(1612, 113),
(1613, 113),
(1614, 113),
(1615, 113),
(1616, 113),
(1617, 113),
(1618, 113),
(1619, 113),
(1620, 113),
(1621, 113),
(1622, 113),
(1623, 113),
(1624, 113),
(1625, 113),
(1626, 113),
(1627, 113),
(1628, 113),
(1629, 114),
(1630, 114),
(1631, 114),
(1632, 114),
(1633, 114),
(1634, 114),
(1635, 114),
(1636, 114),
(1637, 114),
(1638, 114),
(1639, 114),
(1640, 114),
(1641, 114),
(1642, 114),
(1643, 114),
(1644, 114),
(1645, 114),
(1646, 114),
(1647, 114),
(1648, 114),
(1649, 114),
(1650, 114),
(1651, 114),
(1652, 114),
(1653, 114),
(1654, 114),
(1655, 114),
(1656, 114),
(1657, 115),
(1658, 116),
(1659, 116),
(1660, 116),
(1661, 116),
(1662, 116),
(1663, 116),
(1664, 116),
(1665, 116),
(1666, 116),
(1667, 116),
(1668, 116),
(1669, 116),
(1670, 116),
(1671, 116),
(1672, 116),
(1673, 116),
(1674, 116),
(1675, 116),
(1676, 116),
(1677, 116),
(1678, 116),
(1679, 116),
(1680, 116),
(1681, 116),
(1682, 116),
(1683, 116),
(1684, 116),
(1685, 116),
(1686, 116),
(1687, 117),
(1688, 117),
(1689, 117),
(1690, 117),
(1691, 117),
(1692, 117),
(1693, 117),
(1694, 117),
(1695, 117),
(1696, 117),
(1697, 117),
(1698, 117),
(1699, 117),
(1700, 119),
(1701, 119),
(1702, 119),
(1703, 119),
(1704, 119),
(1705, 119),
(1706, 120),
(1707, 120),
(1708, 120),
(1709, 120),
(1710, 120),
(1711, 120),
(1712, 120),
(1713, 120),
(1714, 120),
(1715, 120),
(1716, 120),
(1717, 120),
(1718, 120),
(1719, 120),
(1720, 120),
(1721, 120),
(1722, 120),
(1723, 120),
(1724, 120),
(1725, 120),
(1726, 120),
(1727, 120),
(1728, 120),
(1729, 120),
(1730, 120),
(1731, 120),
(1732, 120),
(1733, 121),
(1734, 121),
(1735, 121),
(1736, 121),
(1737, 121),
(1738, 121),
(1739, 121),
(1740, 121),
(1741, 121),
(1742, 121),
(1743, 121),
(1744, 121),
(1745, 121),
(1746, 121),
(1747, 121),
(1748, 121),
(1749, 121),
(1750, 121),
(1751, 121),
(1752, 121),
(1753, 121),
(1754, 121),
(1755, 121),
(1756, 122),
(1757, 122),
(1758, 122),
(1759, 122),
(1760, 122),
(1761, 122),
(1762, 122),
(1763, 123),
(1764, 123),
(1765, 123),
(1766, 123),
(1767, 123),
(1768, 123),
(1769, 123),
(1770, 123),
(1771, 123),
(1772, 123),
(1773, 123),
(1774, 123),
(1775, 123),
(1776, 123),
(1777, 123),
(1778, 123),
(1779, 123),
(1780, 123),
(1781, 123),
(1782, 123),
(1783, 123),
(1784, 123),
(1785, 123),
(1786, 123),
(1787, 123),
(1788, 123),
(1789, 123),
(1790, 123),
(1791, 123),
(1792, 123),
(1793, 124),
(1794, 124),
(1795, 124),
(1796, 124),
(1797, 125),
(1798, 125),
(1799, 125),
(1800, 125),
(1801, 125),
(1802, 125),
(1803, 125),
(1804, 125),
(1805, 125),
(1806, 125),
(1807, 125),
(1808, 125),
(1809, 125),
(1810, 125),
(1811, 125),
(1812, 125),
(1813, 125),
(1814, 125),
(1815, 125),
(1816, 125),
(1817, 125),
(1818, 125),
(1819, 125),
(1820, 126),
(1821, 126),
(1822, 126),
(1823, 126),
(1824, 126),
(1825, 126),
(1826, 126),
(1827, 126),
(1828, 126),
(1829, 126),
(1830, 126),
(1831, 126),
(1832, 126),
(1833, 127),
(1834, 127),
(1835, 127),
(1836, 127),
(1837, 127),
(1838, 127),
(1839, 127),
(1840, 127),
(1841, 127),
(1842, 127),
(1843, 127),
(1844, 127),
(1845, 127),
(1846, 127),
(1847, 127),
(1848, 127),
(1849, 127),
(1850, 128),
(1851, 128),
(1852, 128),
(1853, 128),
(1854, 128),
(1855, 128),
(1856, 128),
(1857, 128),
(1858, 128),
(1859, 128),
(1860, 128),
(1861, 128),
(1862, 128),
(1863, 128),
(1864, 128),
(1865, 128),
(1866, 128),
(1867, 128),
(1868, 128),
(1869, 128),
(1870, 128),
(1871, 128),
(1872, 128),
(1873, 129),
(1874, 129),
(1875, 129),
(1876, 129),
(1877, 129),
(1878, 129),
(1879, 129),
(1880, 129),
(1881, 129),
(1882, 130),
(1883, 130),
(1884, 130),
(1885, 130),
(1886, 130),
(1887, 130),
(1888, 130),
(1889, 130),
(1890, 130),
(1891, 130),
(1892, 130),
(1893, 130),
(1894, 130),
(1895, 131),
(1896, 131),
(1897, 131),
(1898, 131),
(1899, 131),
(1900, 131),
(1901, 131),
(1902, 131),
(1903, 131),
(1904, 131),
(1905, 131),
(1906, 131),
(1907, 131),
(1908, 131),
(1909, 131),
(1910, 131),
(1911, 131),
(1912, 131),
(1913, 131),
(1914, 131),
(1915, 131),
(1916, 131),
(1917, 131),
(1918, 132),
(1919, 132),
(1920, 133),
(1921, 133),
(1922, 133),
(1923, 133),
(1924, 133),
(1925, 133),
(1926, 133),
(1927, 133),
(1928, 133),
(1929, 133),
(1930, 133),
(1931, 133),
(1932, 133),
(1933, 133),
(1934, 133),
(1935, 133),
(1936, 133),
(1937, 133),
(1938, 133),
(1939, 133),
(1940, 133),
(1941, 134),
(1942, 134),
(1943, 134),
(1944, 134),
(1945, 134),
(1946, 134),
(1947, 134),
(1948, 134),
(1949, 134),
(1950, 134),
(1951, 134),
(1952, 134),
(1953, 134),
(1954, 134),
(1955, 134),
(1956, 134),
(1957, 134),
(1958, 134),
(1959, 134),
(1960, 134),
(1961, 134),
(1962, 134),
(1963, 134),
(1964, 134),
(1965, 134),
(1966, 134),
(1967, 134),
(1968, 134),
(1969, 134),
(1970, 134),
(1971, 135),
(1972, 135),
(1973, 135),
(1974, 135),
(1975, 135),
(1976, 135),
(1977, 135),
(1978, 135),
(1979, 135),
(1980, 135),
(1981, 135),
(1982, 135),
(1983, 135),
(1984, 135),
(1985, 135),
(1986, 136),
(1987, 136),
(1988, 136),
(1989, 136),
(1990, 136),
(1991, 136),
(1992, 136),
(1993, 136),
(1994, 136),
(1995, 136),
(1996, 137),
(1997, 137),
(1998, 138),
(1999, 138),
(2000, 138),
(2001, 138),
(2002, 138),
(2003, 138),
(2004, 138),
(2005, 138),
(2006, 138),
(2007, 138),
(2008, 138),
(2009, 138),
(2010, 138),
(2011, 138),
(2012, 138),
(2013, 138),
(2014, 138),
(2015, 138),
(2016, 138),
(2017, 138),
(2018, 138),
(2019, 139),
(2020, 139),
(2021, 139),
(2022, 139),
(2023, 139),
(2024, 139),
(2025, 139),
(2026, 139),
(2027, 139),
(2028, 139),
(2029, 139),
(2030, 139),
(2031, 139),
(2032, 139),
(2033, 139),
(2034, 140),
(2035, 140),
(2036, 140),
(2037, 141),
(2038, 141),
(2039, 141),
(2040, 141),
(2041, 141),
(2042, 141),
(2043, 141),
(2044, 141),
(2045, 141),
(2046, 141),
(2047, 141),
(2048, 141),
(2049, 141),
(2050, 142),
(2051, 142),
(2052, 142),
(2053, 142),
(2054, 142),
(2055, 142),
(2056, 142),
(2057, 142),
(2058, 142),
(2059, 142),
(2060, 142),
(2061, 142),
(2062, 142),
(2063, 142),
(2064, 142),
(2065, 142),
(2066, 142),
(2067, 142),
(2068, 143),
(2069, 143),
(2070, 143),
(2071, 143),
(2072, 143),
(2073, 143),
(2074, 143),
(2075, 143),
(2076, 143),
(2077, 143),
(2078, 143),
(2079, 143),
(2080, 143),
(2081, 143),
(2082, 143),
(2083, 143),
(2084, 143),
(2085, 143),
(2086, 143),
(2087, 143),
(2088, 143),
(2089, 143),
(2090, 144),
(2091, 144),
(2092, 144),
(2093, 144),
(2094, 144),
(2095, 144),
(2096, 144),
(2097, 144),
(2098, 145),
(2099, 145),
(2100, 145),
(2101, 145),
(2102, 145),
(2103, 145),
(2104, 145),
(2105, 145),
(2106, 145),
(2107, 145),
(2108, 145),
(2109, 145),
(2110, 145),
(2111, 145),
(2112, 145),
(2113, 145),
(2114, 146),
(2115, 146),
(2116, 146),
(2117, 146),
(2118, 146),
(2119, 146),
(2120, 146),
(2121, 146),
(2122, 146),
(2123, 146),
(2124, 146),
(2125, 146),
(2126, 146),
(2127, 146),
(2128, 146),
(2129, 146),
(2130, 146),
(2131, 146),
(2132, 146),
(2133, 146),
(2134, 146),
(2135, 146),
(2136, 146),
(2137, 147),
(2138, 147),
(2139, 147),
(2140, 147),
(2141, 147),
(2142, 147),
(2143, 147),
(2144, 148),
(2145, 148),
(2146, 148),
(2147, 148),
(2148, 148),
(2149, 148),
(2150, 148),
(2151, 148),
(2152, 148),
(2153, 148),
(2154, 148),
(2155, 148),
(2156, 148),
(2157, 148),
(2158, 148),
(2159, 148),
(2160, 148),
(2161, 148),
(2162, 148),
(2163, 148),
(2164, 148),
(2165, 148),
(2166, 148),
(2167, 148),
(2168, 148),
(2169, 148),
(2170, 148),
(2171, 148),
(2172, 148),
(2173, 149),
(2174, 149),
(2175, 149),
(2176, 149),
(2177, 149),
(2178, 149),
(2179, 149),
(2180, 149),
(2181, 149),
(2182, 149),
(2183, 149),
(2184, 149),
(2185, 149),
(2186, 149),
(2187, 149),
(2188, 149),
(2189, 149),
(2190, 149),
(2191, 149),
(2192, 149),
(2193, 149),
(2194, 149),
(2195, 149),
(2196, 150),
(2197, 150),
(2198, 150),
(2199, 150),
(2200, 150),
(2201, 150),
(2202, 150),
(2203, 150),
(2204, 150),
(2205, 150),
(2206, 150),
(2207, 150),
(2208, 150),
(2209, 150);

--
-- Индексы сохранённых таблиц
--

--
-- Индексы таблицы `film`
--
ALTER TABLE `film`
  ADD PRIMARY KEY (`id`);

--
-- Индексы таблицы `seance`
--
ALTER TABLE `seance`
  ADD PRIMARY KEY (`id`);

--
-- Индексы таблицы `ticket`
--
ALTER TABLE `ticket`
  ADD PRIMARY KEY (`id`);

--
-- AUTO_INCREMENT для сохранённых таблиц
--

--
-- AUTO_INCREMENT для таблицы `film`
--
ALTER TABLE `film`
  MODIFY `id` int(11) NOT NULL AUTO_INCREMENT, AUTO_INCREMENT=28;
--
-- AUTO_INCREMENT для таблицы `seance`
--
ALTER TABLE `seance`
  MODIFY `id` int(11) NOT NULL AUTO_INCREMENT, AUTO_INCREMENT=151;
--
-- AUTO_INCREMENT для таблицы `ticket`
--
ALTER TABLE `ticket`
  MODIFY `id` int(11) NOT NULL AUTO_INCREMENT, AUTO_INCREMENT=2210;
/*!40101 SET CHARACTER_SET_CLIENT=@OLD_CHARACTER_SET_CLIENT */;
/*!40101 SET CHARACTER_SET_RESULTS=@OLD_CHARACTER_SET_RESULTS */;
/*!40101 SET COLLATION_CONNECTION=@OLD_COLLATION_CONNECTION */;
